condition,p_target,sem,ci_lo,ci_hi
control,0.032,0.014410880243335419,0.0037546747230625815,0.06024532527693742
