condition,p_target,sem,lo,hi,n_q,n_total
across,0.0278,0.005423230455312458,0.01717046830758758,0.038429531692412415,50,5000
block3,0.019,0.004934261725477298,0.009328847018064496,0.028671152981935503,50,5000
block5,0.030600000000000002,0.008163682642393338,0.014599182020909058,0.04660081797909095,50,5000
cat,0.6624,0.04881247749483397,0.5667275441101254,0.7580724558898746,50,5000
control,0.015600000000000001,0.00608886571655885,0.0036658231955446555,0.027534176804455347,50,5000
unigram,0.0192,0.004872580508963041,0.009649742202432438,0.02875025779756756,50,5000
